{
  "inputSize": 5,
  "hiddenSize": 3,
  "weights": [
    [
      -2.0083874467542047,
      -2.2409553061334537,
      -1.132802844176807,
      0.2341865866724212,
      2.386740750237096
    ],
    [
      1.0675374801448296,
      1.0670243979836478,
      1.5880137403746384,
      1.3739561909045093,
      0.7031590977486205
    ],
    [
      1.640282231674978,
      -0.13794784267047885,
      -0.8444917255129368,
      -0.5009203609054351,
      -1.4190242478951522
    ],
    [
      -2.6745463304106627,
      4.35137088800812,
      1.97081257283912
    ]
  ],
  "biases": [
    1.151483755404513,
    0.3169581971197767,
    -1.473995577502445,
    4.359269766561422
  ],
  "activationFunction": "function sigmoid(x){return 1/(1+Math.exp(-x))}",
  "activationDerivative": "function sigmoidDerivative(x){const s=sigmoid(x);return s*(1-s)}"
}