{
  "inputSize": 5,
  "hiddenSize": 3,
  "weights": [
    [
      1.515914783240172,
      0.7030855157334542,
      1.0457004087824813,
      0.032659622824500356,
      -1.078541753241334
    ],
    [
      4.703840423843437,
      3.55069656165497,
      0.30641101751853506,
      -0.6179898087781134,
      -3.489476533440238
    ],
    [
      2.06498384725637,
      0.4789393586621098,
      -0.00965054057932621,
      -0.5434454648434218,
      -1.2117939497693908
    ],
    [
      1.9749817666808152,
      1.574791549856427,
      2.6480027807985347
    ]
  ],
  "biases": [
    -1.5508765480553675,
    -2.0407615130312133,
    -0.0991362830893395,
    5.35518280113427
  ],
  "activationFunction": "function relu(x){return Math.max(0,x)}",
  "activationDerivative": "function reluDerivative(x){return x>0?1:0}"
}