{
  "inputSize": 5,
  "hiddenSize": 3,
  "weights": [
    [
      4.763558880530073,
      3.2899497751283526,
      -0.059262197257262096,
      -1.0810843855155383,
      -2.6791999153155657
    ],
    [
      1.623652393194048,
      0.916146285467075,
      1.2170869501822719,
      -0.3614110923835588,
      -1.3003678362126772
    ],
    [
      -0.3298839430376976,
      -0.9526495849242991,
      -0.7839990015175646,
      -0.2490459317516242,
      -1.2666133699368718
    ],
    [
      1.603416561862413,
      2.0689108348732614,
      0.8104209900153844
    ]
  ],
  "biases": [
    -2.351381705685999,
    0.009949850077157905,
    -0.23126153165908822,
    5.3717072160944745
  ],
  "activationFunction": "function relu(x){return Math.max(0,x)}",
  "activationDerivative": "function reluDerivative(x){return x>0?1:0}"
}